email_doc, nama_doc, gender_doc, password_doc
leviack@gmail.com, Levi Ackerman,  Male, E2lwbQ3
aftaza@gmail.com, Alfian Tafta Zani, Male, HaYjma6
rafifadl@gmail.com, Rafi Putra Fadlurahman, Male, 4XbLfk8
yoichi01@gmail.com, Isagi Yoichi, Male, KD1tXVh
ikbar@gmail.com, Ikbar Razan Nasrullah, Male, aY3MWFw
daffakmal@gmail.com, Daffa Hanifananda Akmal, Male, eQ7JIQO
wendyrv@gmail.com, Son Wendy, Female, 6C7Yz7E
irenerv@gmail.com, Bae Irene, Female, TmwrmjT
yachiikyu@gmail.com, Yachi Hitoka, Female, nhT9euq
tadayama@gmail.com, Tadashi Yamaguchi, Male, BeWQVJa
shimizuyoko@gmail.com, Kiyoko Shimizu, Female, HeCWTtN
